post_id,post_date,is_published,email_sent_at,inbox_sent_at,type,audience,title,subtitle,podcast_url
192183476.293-authority-without-answers,2026-03-26T08:51:22.737Z,true,2026-03-26T08:51:22.851Z,2026-03-26T08:51:22.851Z,newsletter,everyone,293: Authority Without Answers,"The End of Knowing, The Start of Inquiry",
191554866.292-momentum-is-authority,2026-03-20T06:57:13.601Z,true,2026-03-20T06:57:13.706Z,2026-03-20T06:57:13.706Z,newsletter,everyone,292: Momentum Is Authority, Leadership Without Control as the World Burns,
191453873.291-the-news-is-in-the-group-chat,2026-03-19T08:37:02.712Z,true,2026-03-19T08:37:02.830Z,2026-03-19T08:37:02.830Z,newsletter,everyone,291: The News is in the Group Chat,The Distributed Public and Political Sense-Making,
190494913.290-first-nations-and-the-next-generation,2026-03-10T11:31:40.500Z,true,2026-03-10T11:31:40.687Z,2026-03-10T11:31:40.687Z,newsletter,everyone,290: First Nations and the Next Generation of Farmers,"Demography, literacy, and the quiet revolution emerging in Canadian agriculture",
190271123.289-building-the-fleet-for-the-near,2026-03-08T11:05:21.228Z,true,2026-03-08T11:05:21.352Z,2026-03-08T11:05:21.352Z,newsletter,everyone,289: Building the Fleet for the Near Future,Leadership in the Ecology of Intelligence,
190098733.288-the-ecology-of-intelligence,2026-03-06T12:55:03.886Z,true,2026-03-06T12:55:03.997Z,2026-03-06T12:55:03.997Z,newsletter,everyone,288: The Ecology of Intelligence,"Humans, Agents, and the Future of Authority",
190002073.287-notes-from-the-epistemic-workshop,2026-03-05T14:49:41.323Z,true,2026-03-05T14:49:41.455Z,2026-03-05T14:49:41.455Z,newsletter,everyone,287: Notes from the Epistemic Workshop,Building Tools for Thinking in Public,
189541234.286-democracy-in-the-age-of-epistemic,2026-03-01T12:14:03.586Z,true,2026-03-01T12:14:03.735Z,2026-03-01T12:14:03.735Z,newsletter,everyone,286: Democracy in the Age of Epistemic War,"Literacy, Freedom, and the Governance of Intelligence",
189237623.285-the-emperor-is-naked-and-the,2026-02-26T11:02:57.011Z,true,2026-02-26T11:02:57.137Z,2026-02-26T11:02:57.137Z,newsletter,everyone,285: The Emperor Is Naked and the Machine Is Fluent,Literacy as the Missing Prerequisite of Power,
189117718.284-alto-sabotaged-by-facebook-nimbyism,2026-02-25T10:29:20.422Z,true,2026-02-25T10:29:20.540Z,2026-02-25T10:29:20.540Z,newsletter,everyone,284: Alto Sabotaged by Facebook NIMBYism?,Is it even possible to build infrastructure anymore?,
188256345.283-openclaw-and-authority-in-the,2026-02-17T13:09:33.033Z,true,2026-02-17T13:09:33.169Z,2026-02-17T13:09:33.169Z,newsletter,everyone,283: OpenClaw and Authority in the Age of Agents,Seize The Means of Coordination,
187844588.282-addiction-and-homelessness,2026-02-13T11:21:08.813Z,true,2026-02-13T11:21:08.968Z,2026-02-13T11:21:08.968Z,newsletter,everyone,282: Addiction and Homelessness,Addressing Alienation and Expected Emulation,
187726181.281-our-thought-dreams-can-now-be,2026-02-12T10:04:16.512Z,true,2026-02-12T10:04:16.628Z,2026-02-12T10:04:16.628Z,newsletter,everyone,281: Our Thought Dreams Can Now Be Seen,Confer.to and Authority as a Design Problem,
187493843.280-were-outside,2026-02-10T09:59:00.273Z,true,2026-02-10T09:59:00.420Z,2026-02-10T09:59:00.420Z,newsletter,everyone,280: We're Outside!,"Posture, Power, and the End of Seated Politics",
187389879.280-the-story-youre-not-allowed-to,,false,,,newsletter,only_paid,,,
186837531.279-from-taxpayers-to-caretakers,2026-02-04T09:31:21.615Z,true,2026-02-04T09:31:21.767Z,2026-02-04T09:31:21.767Z,newsletter,everyone,279: From Taxpayers to Caretakers,Why the Canadian Prairies Are at War With a Fiction,
186727520.278-the-delusions-of-the-disgruntled,2026-02-03T11:52:41.743Z,true,2026-02-03T11:52:41.900Z,2026-02-03T11:52:41.900Z,newsletter,everyone,278: The Delusions of the Disgruntled Taxpayer,Authority Is Not Customer Service,
186621497.kevin-bacon-and-the-great-epstein,2026-02-02T15:28:59.193Z,true,2026-02-02T15:28:59.353Z,2026-02-02T15:28:59.353Z,newsletter,everyone,277: Kevin Bacon and The Great Epstein Retcon,Why Power Prefers Confusion to Control,
185954719.276-the-politics-of-the-face,2026-01-27T12:42:57.928Z,true,2026-01-27T12:42:58.067Z,2026-01-27T12:42:58.067Z,newsletter,everyone,276: The Politics of the Face,"Poison, Perfected",
185824009.275-who-are-canadas-tech-giants-aligned,2026-01-26T10:31:28.094Z,true,2026-01-26T10:31:28.272Z,2026-01-26T10:31:28.272Z,newsletter,everyone,275: Who Are Canada’s Tech Giants Aligned With?,The Canadian Companies Inside America’s Intelligence Stack,
185718034.what-if-trump-just-wants-alberta,2026-01-25T11:56:40.558Z,true,2026-01-25T11:56:40.719Z,2026-01-25T11:56:40.719Z,newsletter,everyone,274: What if Trump just wants Alberta?,A province eager to become a red state?,
185398671.273-idiot-wind-capital-flight-and,2026-01-22T10:23:21.328Z,true,2026-01-22T10:23:21.520Z,2026-01-22T10:23:21.520Z,newsletter,everyone,"273: Idiot Wind, Capital Flight, and the Weather of Despair",Our leaders speak to wealth while the rest of us freeze,
184857798.272-jim-crow-for-all,2026-01-18T10:31:20.675Z,true,2026-01-18T10:31:20.880Z,2026-01-18T10:31:20.880Z,newsletter,everyone,272: Jim Crow for All,Understanding The Trump Confederacy,
184852140.271-will-greenland-be-thiels-moment,2026-01-17T10:54:20.353Z,true,2026-01-17T10:54:20.515Z,2026-01-17T10:54:20.515Z,newsletter,everyone,271: Will Greenland Be Thiel's Moment?,Are we missing the significance of this seismic shift?,
184752045.270-the-algorithm-is-the-road,2026-01-16T10:48:52.363Z,true,2026-01-16T10:48:52.541Z,2026-01-16T10:48:52.541Z,newsletter,everyone,270: The Algorithm Is the Road,Avoiding Another Avro Arrow,
184530866.269-the-future-of-the-canadian-auto,2026-01-14T10:49:01.525Z,true,2026-01-14T10:49:01.741Z,2026-01-14T10:49:01.741Z,newsletter,everyone,269: The Future of the Canadian Auto Industry is in the Commons,The Commons of Autonomy,
184111266.268-the-platform-for-the-anschluss,2026-01-10T11:02:37.955Z,true,2026-01-10T11:02:38.100Z,2026-01-10T11:02:38.100Z,newsletter,everyone,268: The Platform for the Anschluss,How Facebook Became Canada’s Shadow Media System,
184007042.267-before-the-anschluss,2026-01-09T10:43:23.182Z,true,2026-01-09T10:43:23.361Z,2026-01-09T10:43:23.361Z,newsletter,everyone,267: Before the Anschluss,The Politics of Inevitability Then and Now,
183772833.265-understanding-the-cowardly-and,2026-01-07T10:02:17.600Z,true,2026-01-07T10:02:17.779Z,2026-01-07T10:02:17.779Z,newsletter,everyone,265: Understanding the Cowardly and Craven Canadian,Choosing Obedience Over Opportunity,
183538479.264-the-coup-without-a-coup,2026-01-05T11:47:01.687Z,true,2026-01-05T11:47:01.864Z,2026-01-05T11:47:01.864Z,newsletter,everyone,264: The Coup Without a Coup,How Authority Is Removed in the Age of Hybrid War,
183270148.263-if-youre-reading-this,2026-01-03T10:41:17.558Z,true,2026-01-03T10:41:17.739Z,2026-01-03T10:41:17.739Z,newsletter,everyone,263: If You’re Reading This,Notes from the Knowledge Farm,
183160752.262-the-hidden-ideology-of-the-ai,2026-01-02T11:02:50.365Z,true,2026-01-02T11:02:50.507Z,2026-01-02T11:02:50.507Z,newsletter,everyone,262: The Hidden Ideology of AI,Why Boosters and Doomsters Share the Same Dangerous Assumptions,
183133706.261-when-the-ai-bubble-bursts,2026-01-01T12:30:32.021Z,true,2026-01-01T12:30:32.233Z,2026-01-01T12:30:32.233Z,newsletter,everyone,261: When the AI Bubble Bursts,What Power Looks Like When the Hype Collapses,
182945489.260-brampton-the-slur-that-sums-up,2025-12-30T10:46:20.421Z,true,2025-12-30T10:46:20.579Z,2025-12-30T10:46:20.579Z,newsletter,everyone,260: Brampton: The Slur That Sums Up 2025,The Not So Subtle Sign of Canada's Growing Conflict,
182405002.259-nobody-voted-for-this,2025-12-23T10:27:26.677Z,true,2025-12-23T10:27:26.813Z,2025-12-23T10:27:26.813Z,newsletter,everyone,259: Nobody Voted for This,From governance to soft annexation,
182162388.258-the-soft-annexation-of-the-prairies,2025-12-20T11:55:07.446Z,true,2025-12-20T11:55:07.601Z,2025-12-20T11:55:07.601Z,newsletter,everyone,258: The Soft Annexation of the Prairies,A Crimean Playbook for North America,
182080256.257-scam-capitalism,2025-12-19T12:50:57.043Z,true,2025-12-19T12:50:57.181Z,2025-12-19T12:50:57.181Z,newsletter,everyone,257: Scam Capitalism,How Meta Uses Fraud as a Business Model,
181881092.5fc,,false,,,page,everyone,,,
181880067.256-how-food-power-gets-built,2025-12-17T11:55:10.853Z,true,2025-12-17T11:55:11.021Z,2025-12-17T11:55:11.021Z,newsletter,everyone,256: How Food Power Gets Built,Designing Food Power — Part IV,
181777224.255-the-intelligence-layer-of-food,2025-12-16T11:00:03.028Z,true,2025-12-16T11:00:03.162Z,2025-12-16T11:00:03.162Z,newsletter,everyone,255: The Intelligence Layer of Food Power,Designing Food Power — Part III,
181671576.254-the-hidden-architecture-of-food,2025-12-15T11:29:22.518Z,true,2025-12-15T11:29:22.670Z,2025-12-15T11:29:22.670Z,newsletter,everyone,254: The Hidden Architecture of Food Security,Designing Food Power — Part II,
181581138.253-why-food-should-be-free-and-profitable,2025-12-14T12:05:09.345Z,true,2025-12-14T12:05:09.494Z,2025-12-14T12:05:09.494Z,newsletter,everyone,253: Why Food Should Be Free and Profitable,Designing Food Power — Part I,
181523951.252-the-collapse-of-local-authority,2025-12-13T17:04:58.986Z,true,2025-12-13T17:04:59.161Z,2025-12-13T17:04:59.161Z,newsletter,everyone,252: The Collapse of Local Authority,The Canary in the Rideau Lakes Council Chamber,
181327396.251-the-spectacle-of-wokeness,2025-12-11T12:58:38.016Z,true,2025-12-11T12:58:38.217Z,2025-12-11T12:58:38.217Z,newsletter,everyone,251: The Spectacle of Wokeness,How the Right Built a Bogeyman,
181054441.250-the-curious-case-of-yves-engler,2025-12-08T16:22:52.563Z,true,2025-12-08T16:22:52.728Z,2025-12-08T16:22:52.728Z,newsletter,everyone,250: The Curious Case of Yves Engler,And The Inherent Insularity of Party Politics,
180112300.249-science-and-the-seduction-of,2025-11-27T16:12:11.586Z,true,2025-11-27T16:12:11.706Z,2025-11-27T16:12:11.706Z,newsletter,everyone,249: Science and the Seduction of Authoritarianism,The Capture of Curiosity,
179929343.248-solving-the-productivity-paradox,2025-11-25T15:30:18.502Z,true,2025-11-25T15:30:18.776Z,2025-11-25T15:30:18.776Z,newsletter,everyone,248: Solving the Productivity Paradox,The Missing Variable Is Care,
179636643.247-attention-appetite-and-power,2025-11-22T11:31:48.103Z,true,2025-11-22T11:31:48.259Z,2025-11-22T11:31:48.259Z,newsletter,everyone,"247: Attention, Appetite, and Power",A Country That Doesn’t Understand Its Food Has No Future,
179548707.246-canada-has-no-future-without,2025-11-21T12:04:36.312Z,true,2025-11-21T12:04:36.474Z,2025-11-21T12:04:36.474Z,newsletter,everyone,246: Canada Has No Future Without a New Imagination,The Current Failure of Canadian Leadership,
178341762.245-are-todays-militaries-able-to,2025-11-08T11:17:26.716Z,true,2025-11-08T11:17:26.880Z,2025-11-08T11:17:26.880Z,newsletter,everyone,245: Are Today’s Militaries Able to Fight Today’s Wars?,"Not without new leadership, culture, and structure",
178168618.244-the-prediction-markets-that-ate,2025-11-06T11:18:59.468Z,true,2025-11-06T11:18:59.644Z,2025-11-06T11:18:59.644Z,newsletter,everyone,244: The Prediction Markets That Ate the State,Speculating on When the Society of the Spectacle Crashes,
177991018.243-the-eye-of-the-storm,2025-11-04T15:49:54.838Z,true,2025-11-04T15:49:54.982Z,2025-11-04T15:49:54.982Z,newsletter,everyone,243: The Eye of the Storm,The other shoe is bound to drop sooner rather than later,
177169637.242-the-us-civil-war-of-2025,2025-10-26T12:12:50.012Z,true,2025-10-26T12:12:50.135Z,2025-10-26T12:12:50.135Z,newsletter,everyone,242: The US Civil War of 2025,Understanding Hybrid Civil War,
177000141.241-an-ineffective-police-state,2025-10-24T11:28:12.509Z,true,2025-10-24T11:28:12.666Z,2025-10-24T11:28:12.666Z,newsletter,everyone,241: An Ineffective Police State,"If you're not out of the pot, you're cooked",
175709699.240-meshuga-from-the-meshugaas,2025-10-09T13:22:11.926Z,true,2025-10-09T13:22:12.080Z,2025-10-09T13:22:12.080Z,newsletter,everyone,240: Meshuga from the Meshugaas,The narratives are infectious and irrelevant,
174730193.239-generals-gather-in-their-masses,2025-09-28T10:11:39.534Z,true,2025-09-28T10:11:39.650Z,2025-09-28T10:11:39.650Z,newsletter,everyone,239: Generals Gather in Their Masses,Prelude to a revolution instead of a purge?,
174534332.238-delirious,2025-09-25T14:30:32.422Z,true,2025-09-25T14:30:32.514Z,2025-09-25T14:30:32.514Z,newsletter,everyone,238: Delirious,Succumbing to the Society of the Spectacle,
173514723.237-the-gen-z-assassin,2025-09-13T15:13:01.266Z,true,2025-09-13T15:13:01.341Z,2025-09-13T15:13:01.341Z,newsletter,everyone,237: The Gen Z Assassin,A National Celebration of Political Assassination,
171644725.236-when-the-ai-bubble-bursts,2025-08-22T11:23:58.134Z,true,2025-08-22T11:23:58.234Z,2025-08-22T11:23:58.234Z,newsletter,everyone,236: When the AI Bubble Bursts,A matter of when and not if,
171457698.235-airports-are-borders-borders,2025-08-20T11:13:21.008Z,true,2025-08-20T11:13:21.086Z,2025-08-20T11:13:21.086Z,newsletter,everyone,235: Airports are borders. Borders are prisons.,Part five in an ongoing series on resistance,
171121927.234-the-grid-is-a-prison-until-we,2025-08-16T12:11:34.496Z,true,2025-08-16T12:11:34.598Z,2025-08-16T12:11:34.598Z,newsletter,everyone,234: The grid is a prison until we play its wires like strings,Part four in an ongoing series about resistance,
171043686.233-every-block-has-a-heartbeat,2025-08-15T11:37:47.923Z,true,2025-08-15T11:37:48.008Z,2025-08-15T11:37:48.008Z,newsletter,everyone,233: Every block has a heartbeat,Part three in an ongoing series about resistance,
170963232.232-play-louder-than-the-war-they,2025-08-14T11:13:23.116Z,true,2025-08-14T11:13:23.219Z,2025-08-14T11:13:23.219Z,newsletter,everyone,232: Play louder than the war they bring,Part two in an ongoing series about resistance,
170876840.231-ice-on-campus,2025-08-13T13:37:32.024Z,true,2025-08-13T13:37:32.119Z,2025-08-13T13:37:32.119Z,newsletter,everyone,231: ICE on Campus,Part one in an ongoing series about resistance,
170777611.230-killing-witnesses-and-burying,2025-08-12T11:37:53.096Z,true,2025-08-12T11:37:53.218Z,2025-08-12T11:37:53.218Z,newsletter,everyone,230: Killing Witnesses and Burying History,Anas al-Sharif and the Murderous IDF,
170678452.229-music-festivals-fighting-ice,2025-08-11T11:58:25.616Z,true,2025-08-11T11:58:25.763Z,2025-08-11T11:58:25.763Z,newsletter,everyone,229: Music Festivals Fighting ICE?!,Algo Speak and Grassroots Resistance,
170360371.228-the-power-of-language,2025-08-07T14:39:05.136Z,true,2025-08-07T14:39:05.224Z,2025-08-07T14:39:05.224Z,newsletter,everyone,228: The Power of Language,Another successful salon,
170267922.i-need-your-help,2025-08-06T13:45:53.026Z,true,2025-08-06T13:45:53.116Z,2025-08-06T13:45:53.116Z,newsletter,everyone,I need your help 😎,And a salon reminder,
170166445.227-the-goats-of-toronto,2025-08-05T11:15:23.727Z,true,2025-08-05T11:15:23.831Z,2025-08-05T11:15:23.831Z,newsletter,everyone,227: THE GOATS OF TORONTO 🐐,Municipal Ruminants and the Future of Urban Ecology,
170073709.226-ai-and-the-future-that-never,2025-08-04T11:01:34.848Z,true,2025-08-04T11:01:34.941Z,2025-08-04T11:01:34.941Z,newsletter,everyone,226: AI and The Future That Never Comes,Temporal Capture and The Hypernormalization of Fascism,
169917645.225-lies-bullshit-jobs-and-statistics,2025-08-02T11:09:45.177Z,true,2025-08-02T11:09:45.268Z,2025-08-02T11:09:45.268Z,newsletter,everyone,"225: Lies, Bullshit Jobs, and Statistics",The Bullshit Economy and the AI Takeover,
169846711.224-refusal-in-the-age-of-spectacle,2025-08-01T15:08:36.673Z,true,2025-08-01T15:08:36.773Z,2025-08-01T15:08:36.773Z,newsletter,everyone,224: Refusal in the Age of Spectacle,The Gen-Z Stare and the Collapse of Social Performance,
169738120.223-the-labour-party-is-dead,2025-07-31T10:33:51.576Z,true,2025-07-31T10:33:51.649Z,2025-07-31T10:33:51.649Z,newsletter,everyone,223: The Labour Party is Dead,Centrism will kill us all if it continues,
169390742.222-the-return-of-the-asylum-state,2025-07-28T10:12:29.306Z,true,2025-07-28T10:12:29.412Z,2025-07-28T10:12:29.412Z,newsletter,everyone,222: The Return of the Asylum State,The Weaponization of Psychiatry in the Authoritarian Imagination,
169215819.221-corn-storms-and-climate-denial,2025-07-25T11:14:56.945Z,true,2025-07-25T11:14:57.022Z,2025-07-25T11:14:57.022Z,newsletter,everyone,221: Corn Storms and Climate Denial,"How industrial corn became the authoritarian crop of choice, feeding both fossil fuel expansion and climate collapse.",
169095048.220-trump-epstein-and-ouroboros,2025-07-24T10:16:14.800Z,true,2025-07-24T10:16:14.906Z,2025-07-24T10:16:14.906Z,newsletter,everyone,"220: Trump, Epstein, and Ouroboros",America Devours Itself,
168905480.219-the-engine-of-fascism-is-airborne,2025-07-22T10:10:17.910Z,true,2025-07-22T10:10:18.040Z,2025-07-22T10:10:18.040Z,newsletter,everyone,219: The Engine of Fascism Is Airborne,You Can’t Fight Fascism If You’re Inhaling It,
168849470.218-outlaws-by-design,2025-07-21T11:40:55.750Z,true,2025-07-21T11:40:55.828Z,2025-07-21T11:40:55.828Z,newsletter,everyone,218: Outlaws by Design,In a surveillance society we're all outlaws,
168235192.217-hot-wet-fascist-summer,2025-07-14T10:15:14.709Z,true,2025-07-14T10:15:14.909Z,2025-07-14T10:15:14.909Z,newsletter,everyone,217: Hot Wet Fascist Summer,The virus of violence spreads,
167911005.216-chrysalis-season-2-finale,2025-07-09T14:44:19.630Z,true,2025-07-09T14:44:19.728Z,2025-07-09T14:44:19.728Z,podcast,everyone,216: Chrysalis (Season 2 Finale),Taking the goats to the bridge,
167799922.215-trumps-big-beautiful-bill-and,2025-07-08T10:19:42.095Z,true,2025-07-08T10:19:42.190Z,2025-07-08T10:19:42.190Z,newsletter,everyone,215: Trump’s Big Beautiful Bill and the Prison-Industrial Workforce,Who Needs Immigration When You Have Incarceration?,
167714565.214-sovereignty-is-a-simulation,2025-07-07T11:13:49.097Z,true,2025-07-07T11:13:49.169Z,2025-07-07T11:13:49.169Z,newsletter,everyone,214: Sovereignty Is a Simulation,What the Chinese hack of Russia reveals about the myths modern states still tell themselves,
167510188.213-declaration-of-independence-from,2025-07-04T10:46:08.726Z,true,2025-07-04T10:46:08.825Z,2025-07-04T10:46:08.825Z,newsletter,everyone,213: Declaration of Independence from Whiteness,There is no such thing as race,
167427726.212-can-ai-kill-copyright,2025-07-03T11:23:08.770Z,true,2025-07-03T11:23:08.854Z,2025-07-03T11:23:08.854Z,newsletter,everyone,212: Can AI Kill Copyright?,And what can we do to help?,
167342129.211-the-myth-of-the-echo-chamber,2025-07-02T10:57:47.362Z,true,2025-07-02T10:57:47.458Z,2025-07-02T10:57:47.458Z,newsletter,everyone,211: The Myth of the Echo Chamber,Nobody can echo the signal we put out,
167166376.210-authority-without-archives,2025-06-30T10:58:19.090Z,true,2025-06-30T10:58:19.166Z,2025-06-30T10:58:19.166Z,newsletter,everyone,210: Authority Without Archives,We Built Our Culture on Borrowed Ground,
166965232.209-we-measure-time-with-the-wind,2025-06-27T11:04:43.399Z,true,2025-06-27T11:04:43.517Z,2025-06-27T11:04:43.517Z,newsletter,everyone,209: We Measure Time with the Wind Now,Dispatches from the near future,
166886436.208-the-virtues-we-need,2025-06-26T11:42:00.871Z,true,2025-06-26T11:42:00.947Z,2025-06-26T11:42:00.947Z,newsletter,everyone,208: The Virtues We Need,"Trust, Vulnerability, and the Ministry of Narratives",
166803632.wmds-weather-of-mass-destruction,2025-06-25T12:40:01.319Z,true,2025-06-25T12:40:01.823Z,2025-06-25T12:40:01.823Z,newsletter,everyone,207: WMDs: Weather of Mass Destruction,"Generals gathered in their masses, Just like witches at black masses",
166362744.206-pervasive-asymmetry,2025-06-20T10:17:11.211Z,true,2025-06-20T10:17:11.324Z,2025-06-20T10:17:11.324Z,newsletter,everyone,206: Pervasive Asymmetry,How Inequality Became the Infrastructure of Authority,
166275534.205-the-path-to-power-is-the-soul,2025-06-19T10:14:28.743Z,true,2025-06-19T10:14:28.898Z,2025-06-19T10:14:28.898Z,newsletter,everyone,205: The Path to Power Is the Soul of Democracy,The Pretense of Participation,
166113590.204-the-soft-coup-of-vibe-coding,2025-06-18T10:20:39.689Z,true,2025-06-18T10:20:39.816Z,2025-06-18T10:20:39.816Z,newsletter,everyone,204: The Soft Coup of Vibe Coding,"Hacking systems through interface, intention, and improvisation",
166113189.203-roti-resistance-and-ranked-ballots,2025-06-17T10:20:20.934Z,true,2025-06-17T10:20:21.040Z,2025-06-17T10:20:21.040Z,newsletter,everyone,"203: Roti, Resistance, and Ranked Ballots",A New Deal for New York?,
166053027.202-the-gift-is-the-system,2025-06-16T09:07:23.176Z,true,2025-06-16T09:07:23.368Z,2025-06-16T09:07:23.368Z,newsletter,everyone,202: The Gift Is the System,A Day in the Life of a Care-Based Economy,
165961886.201-the-father-figure-is-a-lie,2025-06-15T10:16:10.453Z,true,2025-06-15T10:16:10.574Z,2025-06-15T10:16:10.574Z,newsletter,everyone,201: The Father Figure Is a Lie,A Dispatch from the Post-Patriarchy,
165828346.200-the-future-will-not-be-measured,2025-06-13T10:21:30.946Z,true,2025-06-13T10:21:31.049Z,2025-06-13T10:21:31.049Z,newsletter,everyone,200: The Future Will Not Be Measured,Rituals of Interdependence for a Post-Market World,
165776323.199-the-abolition-of-economic-value,2025-06-12T10:46:43.885Z,true,2025-06-12T10:46:43.974Z,2025-06-12T10:46:43.974Z,newsletter,everyone,199: The Abolition of Economic Value,Three Dialogues on What Cannot Be Measured,
165696337.198-polite-authoritarianism,2025-06-11T10:47:26.234Z,true,2025-06-11T10:47:26.391Z,2025-06-11T10:47:26.391Z,newsletter,everyone,198: Polite Authoritarianism,"Why Canada’s democracy is being dismantled—politely, legally, and with minimal resistance",
165592490.197-the-artist-vs-the-algorithm,2025-06-10T10:12:17.496Z,true,2025-06-10T10:12:17.644Z,2025-06-10T10:12:17.644Z,newsletter,everyone,197: The Artist vs The Algorithm,"Culture, Control, and the Battle for Public Imagination",
165459927.196-jailbreaking-tesla,2025-06-08T10:14:33.102Z,true,2025-06-08T10:14:33.205Z,2025-06-08T10:14:33.205Z,newsletter,everyone,196: Jailbreaking Tesla,The Autonomous Revolution After Musk,
165402668.195-the-great-trump-depression-and,2025-06-07T11:23:00.562Z,true,2025-06-07T11:23:00.662Z,2025-06-07T11:23:00.662Z,newsletter,everyone,195: The Great Trump Depression and the End of Money,A dispatch from the future on the ontological paradox of money,
165134824.194-ten-year-metaviews-literacy-report,2025-06-04T10:20:33.323Z,true,2025-06-04T10:20:33.449Z,2025-06-04T10:20:33.449Z,newsletter,everyone,194: Ten Year Metaviews Literacy Report,For Metaviews Stakeholders,
165054447.193-mock-the-troll-lose-the-authority,2025-06-03T10:20:12.359Z,true,2025-06-03T10:20:12.487Z,2025-06-03T10:20:12.487Z,newsletter,everyone,"193: Mock the Troll, Lose the Authority",From Shitposts to State Power,
164970137.192-are-states-losing-their-monopoly,2025-06-02T10:20:30.309Z,true,2025-06-02T10:20:30.747Z,2025-06-02T10:20:30.747Z,newsletter,everyone,192: Are States Losing Their Monopoly on Force?,Ukraine’s Operation Spiderweb and the fragmentation of authority in the age of networks.,
164839077.191-the-end-of-netanyahu,2025-05-31T10:20:22.391Z,true,2025-05-31T10:20:22.517Z,2025-05-31T10:20:22.517Z,newsletter,everyone,191: The End of Netanyahu,"Statement from the 2030 truth commission that confronts the crimes that shattered Israel, Palestine, and global order.",
164717712.190-libidinal-loneliness-and-the,2025-05-29T11:50:45.734Z,true,2025-05-29T11:50:45.831Z,2025-05-29T11:50:45.831Z,newsletter,everyone,190: Libidinal Loneliness and the Machinery of Misogyny,A case file from the unconscious of a movement that loves you only when you're in pain.,
164636057.189-a-letter-from-the-future-how,2025-05-28T11:20:47.026Z,true,2025-05-28T11:20:47.115Z,2025-05-28T11:20:47.115Z,newsletter,everyone,189: A Letter from the Future: How We Won,"Dispatch from a world built on solidarity, not scapegoats",
164550041.188-harvesting-lies,2025-05-27T11:03:04.497Z,true,2025-05-27T11:03:04.622Z,2025-05-27T11:03:04.622Z,newsletter,everyone,188: Harvesting Lies,"Disinformation, Food Security, and the Battle for Agricultural Truth in a Fractured Canada",
164473162.187-a-pedagogy-of-networks,2025-05-26T11:41:20.459Z,true,2025-05-26T11:41:20.530Z,2025-05-26T11:41:20.530Z,newsletter,everyone,187: A Pedagogy of Networks,"Learning, Copyright, and Resistance in the Age of AI",
164204434.186-as-if-the-earth-were-not-burning,2025-05-23T10:17:16.651Z,true,2025-05-23T10:17:16.755Z,2025-05-23T10:17:16.755Z,newsletter,everyone,186: As If the Earth Were Not Burning,The Ecology of Denial,
164152099.185-dead-drops-in-the-chatbox,2025-05-22T11:32:57.547Z,true,2025-05-22T11:32:57.634Z,2025-05-22T11:32:57.634Z,newsletter,everyone,185: Dead Drops in the Chatbox,"Spycraft, smuggling, sabotage—encoded not in ciphertext, but in small talk.",
164074515.184-emotion-is-not-a-glitch,2025-05-21T11:24:29.922Z,true,2025-05-21T11:24:30.024Z,2025-05-21T11:24:30.024Z,newsletter,everyone,184: Emotion Is Not a Glitch,"Why Logic Needs Feeling, and Emotion Recognition Tech Gets It All Wrong",
163968003.183-the-algorithm-does-not-exist,2025-05-20T10:15:35.299Z,true,2025-05-20T10:15:35.388Z,2025-05-20T10:15:35.388Z,newsletter,everyone,183: The Algorithm Does Not Exist,Radical emancipation through collective struggle.,
163912040.182-the-pattern-is-the-story,2025-05-19T11:18:52.214Z,true,2025-05-19T11:18:52.307Z,2025-05-19T11:18:52.307Z,newsletter,everyone,182: The Pattern Is the Story,Why a Neurodivergent News Service Could Be the Antidote to Trumpian Fascism,
163846349.181-rule-by-trolling,2025-05-18T12:21:02.291Z,true,2025-05-18T12:21:02.371Z,2025-05-18T12:21:02.371Z,newsletter,everyone,181: Rule by Trolling,Strategic Shenanigans and the Spectacle of Power,
163639659.180-important-metaviews-update,2025-05-16T10:15:34.138Z,true,2025-05-16T10:15:34.233Z,2025-05-16T10:15:34.233Z,newsletter,everyone,180: Important Metaviews Update,Your participation is always required,
163558423.179-ginger-is-the-new-black,2025-05-15T10:08:17.656Z,true,2025-05-15T10:08:17.766Z,2025-05-15T10:08:17.766Z,newsletter,everyone,179: Ginger is the New Black?,How TikTok solidarity is melting racecraft while white supremacy clings to power,
163543144.178-artificial-intelligence-and-canadas,2025-05-14T11:00:44.024Z,true,2025-05-14T11:00:44.117Z,2025-05-14T11:00:44.117Z,newsletter,everyone,178: Artificial Intelligence and Canada's Future?,Remarks from Canada's Future Minister of AI,
163465458.177-how-belief-betrays-us,2025-05-13T10:59:50.135Z,true,2025-05-13T10:59:50.246Z,2025-05-13T10:59:50.246Z,newsletter,everyone,177: How Belief Betrays Us,"And Why Being, Belonging, and Becoming Are the Antidotes",
163404965.176-against-the-herd,2025-05-12T15:50:52.571Z,true,2025-05-12T15:50:52.712Z,2025-05-12T15:50:52.712Z,newsletter,everyone,176: Against the Herd,"Gaza, Immigration, and the War on Mutual Aid Disguised as Law",
163201278.175-counter-surveillance-and-survival,2025-05-09T11:40:56.056Z,true,2025-05-09T11:40:56.137Z,2025-05-09T11:40:56.137Z,newsletter,everyone,175: Counter-Surveillance and Survival,Embracing the Practice of Sousveillance,
163093646.174-guerrilla-warfare-upgraded,2025-05-08T10:18:32.303Z,true,2025-05-08T10:18:32.407Z,2025-05-08T10:18:32.407Z,newsletter,everyone,"174: Guerrilla Warfare, Upgraded","How Ukraine is using gamification to reshape military logistics, culture, and combat",
163042654.173-the-rise-of-agentic-government,2025-05-07T10:42:01.529Z,true,2025-05-07T10:42:01.609Z,2025-05-07T10:42:01.609Z,newsletter,everyone,173: The Rise of Agentic Government?,How the Wreckage Becomes the Blueprint,
162932310.172-the-internet-cannot-be-ignored,2025-05-06T10:18:28.157Z,true,2025-05-06T10:18:28.238Z,2025-05-06T10:18:28.238Z,newsletter,everyone,172: The Internet Cannot Be Ignored,Why ignoring digital discourse is ceding the future to chaos.,
162878432.171-how-insularity-fuels-conspiracy,2025-05-05T11:23:26.153Z,true,2025-05-05T11:23:26.226Z,2025-05-05T11:23:26.226Z,newsletter,everyone,"171: How Insularity Fuels Conspiracy, Inequality, and Democratic Decline","Why the right is delusional, the left is irrelevant, and the center is blind.",
162752121.170-how-narcissism-fuels-conspiracies,2025-05-03T11:37:11.469Z,true,2025-05-03T11:37:11.564Z,2025-05-03T11:37:11.564Z,newsletter,everyone,"170: How Narcissism Fuels Conspiracies, Inequality, and Authoritarianism",The narcissistic psyche is the true engine of our political crisis.,
162653828.169-the-death-of-the-ndp,2025-05-02T10:16:20.882Z,true,2025-05-02T10:16:20.989Z,2025-05-02T10:16:20.989Z,newsletter,everyone,169: The Death of the NDP,How a Thousand Self-Inflicted Wounds Took Down Canada's Left,
162577896.168-carney-vs-trump-canada-as-moral,2025-05-01T10:20:27.816Z,true,2025-05-01T10:20:27.906Z,2025-05-01T10:20:27.906Z,newsletter,everyone,168: Carney vs Trump: Canada as Moral Superpower?,"David vs Goliath, 21st Century Edition",
162526247.167-the-kids-are-not-alright,2025-04-30T10:43:24.550Z,true,2025-04-30T10:43:24.658Z,2025-04-30T10:43:24.658Z,newsletter,everyone,167: The Kids Are Not Alright,From Isolation to Insurrection: The Political Vacuum Fueling Gen Z Extremism,
162371177.166-americas-self-inflicted-supply,2025-04-29T10:10:24.115Z,true,2025-04-29T10:10:24.254Z,2025-04-29T10:10:24.254Z,newsletter,everyone,166: America's Self-Inflicted Supply Chain Disaster,Billionaires will feast while the shelves run dry,
162288965.165-why-the-west-has-more-to-fear,2025-04-28T10:19:15.960Z,true,2025-04-28T10:19:16.119Z,2025-04-28T10:19:16.119Z,newsletter,everyone,165: Why the West Has More to Fear at Home Than in China,"Algorithmic Authority Is Already Here, and It Wears a Western Face",
162084206.164-the-algorithmic-gaze-how-autistic,2025-04-25T10:13:37.815Z,true,2025-04-25T10:13:37.890Z,2025-04-25T10:13:37.890Z,newsletter,everyone,164: The Algorithmic Gaze: How Autistic People Are Being Profiled by Algorithms,Toward Neurodivergent Power,
162005774.163-electing-illusions,2025-04-24T10:18:15.228Z,true,2025-04-24T10:18:15.337Z,2025-04-24T10:18:15.337Z,newsletter,everyone,163: Electing Illusions,The Lies We Live and the Lies That Govern,
161930295.162-the-red-corner-montanas-forgotten,2025-04-23T10:19:34.279Z,true,2025-04-23T10:19:34.376Z,2025-04-23T10:19:34.376Z,newsletter,everyone,162: The Red Corner: Montana's Forgotten Revolution,The Revolution Grew in the Fields. Then They Buried It.,
161842091.161-research-as-a-revolutionary-act,2025-04-22T10:10:14.910Z,true,2025-04-22T10:10:15.016Z,2025-04-22T10:10:15.016Z,newsletter,everyone,161: Research as a Revolutionary Act,Building a science that authoritarianism cannot corrupt,
161761062.160-from-each-according-to-their,2025-04-21T10:15:56.098Z,true,2025-04-21T10:15:56.198Z,2025-04-21T10:15:56.198Z,newsletter,everyone,160: From Each According to Their Ability,To Each According to Their Needs,
161691753.159-electoral-authoritarianism-and,2025-04-20T10:10:24.747Z,true,2025-04-20T10:10:24.854Z,2025-04-20T10:10:24.854Z,newsletter,everyone,159: Electoral Authoritarianism and the Border Emergency,Democracy as Spectacle,
161502243.158-the-tyranny-of-the-selfishly,2025-04-17T10:18:48.957Z,true,2025-04-17T10:18:49.096Z,2025-04-17T10:18:49.096Z,newsletter,everyone,158: The Tyranny of the Selfishly Wealthy,Reclaiming the Commons is the Fight of our Time,
161451698.157-extreme-discombobulation,2025-04-16T11:00:36.445Z,true,2025-04-16T11:00:36.528Z,2025-04-16T11:00:36.528Z,newsletter,everyone,157: Extreme Discombobulation,Stop Imagining the Apocalypse and Start Manifesting the Revolution,
161347634.156-tiktok-and-big-tech-are-undermining,2025-04-15T10:10:47.752Z,true,2025-04-15T10:10:47.828Z,2025-04-15T10:10:47.828Z,newsletter,everyone,156: TikTok and Big Tech Are Undermining Trump's Trade War,Fragments of a Hidden Empire,
161264674.155-reprogramming-sovereignty,2025-04-14T10:18:38.003Z,true,2025-04-14T10:18:38.112Z,2025-04-14T10:18:38.112Z,newsletter,everyone,155: Reprogramming Sovereignty ,Hacker Democracy Meets Indigenous Resurgence,
161236433.154-iykyk-and-idk-so-wtf,2025-04-13T15:39:24.384Z,true,2025-04-13T15:39:24.457Z,2025-04-13T15:39:24.457Z,newsletter,everyone,154: IYKYK & IDK so WTF!,If you know you know and I don't know so what the fuck!,
161063121.153-the-future-is-a-food-co-op,2025-04-11T10:17:58.842Z,true,2025-04-11T10:17:58.988Z,2025-04-11T10:17:58.988Z,newsletter,everyone,153: The Future is a Food Co-op,"Solidarity, Sovereignty, and Sustenance",
160981128.152-the-resurgent-commons,2025-04-10T10:20:42.442Z,true,2025-04-10T10:20:42.524Z,2025-04-10T10:20:42.524Z,newsletter,everyone,152: The Resurgent Commons,Imagining A More Human Centered Travel Experience,
160905595.151-the-end-of-the-public,2025-04-09T10:13:50.551Z,true,2025-04-09T10:13:51.815Z,2025-04-09T10:13:51.815Z,newsletter,everyone,151: The End of the Public,From Collapse to Commons,
160781993.150-fire-in-the-north,2025-04-08T10:19:46.242Z,true,2025-04-08T10:19:46.401Z,2025-04-08T10:19:46.401Z,newsletter,everyone,150: Fire in the North,The Continental Emergency Part Three: The Insurgency Begins,
160770475.149-the-end-of-intellectual-property,2025-04-07T10:42:31.896Z,true,2025-04-07T10:42:31.969Z,2025-04-07T10:42:31.969Z,newsletter,everyone,149: The End of Intellectual Property?!,How the Trade War Could Unleash Open Innovation,
160699590.148-the-americanization-of-canadian,2025-04-06T11:10:37.490Z,true,2025-04-06T11:10:37.560Z,2025-04-06T11:10:37.560Z,newsletter,everyone,148: The Americanization of Canadian Minds,The US Cultural Annexation of Canada,
160614632.147-the-purge-at-fort-meade,2025-04-05T10:10:34.945Z,true,2025-04-05T10:10:35.055Z,2025-04-05T10:10:35.055Z,newsletter,everyone,147: The Purge at Fort Meade,"Loyalty, Surveillance, and the End of Intelligence",
160540085.146-free-aubrey-cottle,2025-04-04T10:10:39.942Z,true,2025-04-04T10:10:40.073Z,2025-04-04T10:10:40.073Z,newsletter,everyone,146: Free Aubrey Cottle!,Hacktivism Is Civil Disobedience,
160134860.145-civilization-vii-and-the-struggle,2025-03-31T10:21:10.810Z,true,2025-03-31T10:21:10.944Z,2025-03-31T10:21:10.944Z,newsletter,everyone,145: Civilization VII and the Struggle Against Authoritarianism,A Sandbox for the Future of Authority,
160134088.144-adolescence-and-the-failure-of,2025-03-30T10:17:46.833Z,true,2025-03-30T10:17:46.939Z,2025-03-30T10:17:46.939Z,newsletter,everyone,144: Adolescence and the Failure of Grown-Ups,The System Isn’t Broken—It’s Working as Designed,
160052840.143-trump-trade-and-intimate-partner,2025-03-29T10:10:51.934Z,true,2025-03-29T10:10:52.105Z,2025-03-29T10:10:52.105Z,newsletter,everyone,"143: Trump, Trade, and Intimate Partner Violence","""If I can't have you...""",
160032746.142-disappeared-and-bought-the-new,2025-03-28T10:15:49.085Z,true,2025-03-28T10:15:49.183Z,2025-03-28T10:15:49.183Z,newsletter,everyone,142: Disappeared and Bought: The New American Justice,Criminalizing Dissent and Buying Judges in Wisconsin,
159955018.141-occupied-but-not-conquered,2025-03-27T10:18:43.736Z,true,2025-03-27T10:18:43.849Z,2025-03-27T10:18:43.849Z,newsletter,everyone,141: Occupied but Not Conquered,The Continental Emergency Part 2: an ongoing choose your own adventure series,
159873062.140-rule-of-law-for-thee-not-for,2025-03-26T10:17:55.344Z,true,2025-03-26T10:17:55.499Z,2025-03-26T10:17:55.499Z,newsletter,everyone,"140: Rule of Law for Thee, Not for Me",The architecture of authoritarianism is being assembled in public view,
159790227.139-the-great-labour-shortage-of,2025-03-25T10:20:40.205Z,true,2025-03-25T10:20:40.395Z,2025-03-25T10:20:40.395Z,newsletter,everyone,139: The Great Labour Shortage of 2025,Nebraska is FAFO,
159691606.138-when-the-power-goes-out,2025-03-24T10:16:48.515Z,true,2025-03-24T10:16:48.616Z,2025-03-24T10:16:48.616Z,newsletter,everyone,138: When The Power Goes Out,How the Invasion Might Begin,
159587366.137-seeing-through-the-lies,2025-03-22T10:12:48.274Z,true,2025-03-22T10:12:48.380Z,2025-03-22T10:12:48.380Z,newsletter,everyone,137: Seeing Through the Lies,Why Deception in Politics Is More Dangerous Than Ever,
159541191.136-teslas-fall-and-musks-future,2025-03-21T11:12:25.000Z,true,2025-03-21T11:12:25.077Z,2025-03-21T11:12:25.077Z,newsletter,everyone,136: Tesla's Fall and Musk's Future,A Focal Point for protests,
159368175.canadas-future-as-a-hacker-democracy,2025-03-19T10:19:41.910Z,true,2025-03-19T10:19:42.177Z,2025-03-19T10:19:42.177Z,newsletter,everyone,135: Canada's Future as a Hacker Democracy,An Ecology of Mind for the 21st Century,
159298044.134-trumps-war-on-law-media-and-academia,2025-03-18T10:08:11.651Z,true,2025-03-18T10:08:11.757Z,2025-03-18T10:08:11.757Z,newsletter,everyone,"134: Trump’s War on Law, Media, and Academia",The Authoritarian Era Begins,
159199634.133-truth-as-negotiated-meaning-wittgenstein,2025-03-17T10:18:48.138Z,true,2025-03-17T10:18:48.260Z,2025-03-17T10:18:48.260Z,newsletter,everyone,133: Truth as Negotiated Meaning: Wittgenstein and Trumpian Fascism,Language is a Virus,
159165473.132-the-lies-and-false-promises-of,2025-03-16T10:20:41.769Z,true,2025-03-16T10:20:43.068Z,2025-03-16T10:20:43.068Z,newsletter,everyone,132: The Lies and False Promises of (Neo)Liberalism,Why the Status-Quo Sucks,
159099530.131-anti-elitism-is-the-rational,2025-03-15T10:15:27.128Z,true,2025-03-15T10:15:27.243Z,2025-03-15T10:15:27.243Z,newsletter,everyone,131: Anti-Elitism is the Rational Response to a Broken System,The Expert Trap,
159028233.130-the-alien-enemies-act-and-authoritarianism,2025-03-14T10:20:49.764Z,true,2025-03-14T10:20:49.929Z,2025-03-14T10:20:49.929Z,newsletter,everyone,130: The Alien Enemies Act and Authoritarianism,From Policy to Persecution: How the U.S. is Criminalizing Non-Citizens,
158960860.129-agroecology-at-the-academy-of,2025-03-13T10:20:55.487Z,true,2025-03-13T10:20:55.583Z,2025-03-13T10:20:55.583Z,newsletter,everyone,129: Agroecology at the Academy of the Impossible,Agroecology and the Blueprint for a New World,
158884308.the-end-of-the-public,2025-03-12T10:20:49.564Z,true,2025-03-12T10:20:49.659Z,2025-03-12T10:20:49.659Z,newsletter,everyone,128: The End of the Public?,"Fragmentation, Authority, and the Crisis of Meaning",
158804242.127-the-end-of-the-five-eyes,2025-03-11T10:11:42.587Z,true,2025-03-11T10:11:42.712Z,2025-03-11T10:11:42.712Z,newsletter,everyone,127: The End of the Five Eyes,OSINT is the Future,
158731543.126-the-weaponization-of-stupidity,2025-03-10T10:12:46.263Z,true,2025-03-10T10:12:46.383Z,2025-03-10T10:12:46.383Z,newsletter,everyone,126: The Weaponization of Stupidity,And the Myth of the Political Center,
158625829.125-is-trump-poised-to-invoke-the,2025-03-08T11:13:31.155Z,true,2025-03-08T11:13:31.265Z,2025-03-08T11:13:31.265Z,newsletter,everyone,125: Is Trump Poised to Invoke the Insurrection Act?,And the case of Jessica Brösche,
158550820.124-why-fascism-rejects-abstract,2025-03-07T11:15:46.323Z,true,2025-03-07T11:15:46.507Z,2025-03-07T11:15:46.507Z,newsletter,everyone,124: Why Fascism Rejects Abstract Thought,They Fear Flexible Identities,
158483085.123-the-perils-of-automated-justice,2025-03-06T11:12:40.463Z,true,2025-03-06T11:12:40.553Z,2025-03-06T11:12:40.553Z,newsletter,everyone,123: The Perils of Automated Justice,The Fallacy of AI-Based Policing,
158393722.122-elbows-up-trumps-media-war-against,2025-03-05T11:15:33.157Z,true,2025-03-05T11:15:33.237Z,2025-03-05T11:15:33.237Z,newsletter,everyone,122: Elbows Up: Responding to Trump's Media War,The Battle for Narrative Control,
158335050.121-crypto-corruption-fbi-purges,2025-03-04T11:16:42.056Z,true,2025-03-04T11:16:42.164Z,2025-03-04T11:16:42.164Z,newsletter,everyone,"121: Crypto Corruption, FBI Purges, and Economic Warfare",A Storm of Power Plays in 48 Hours,
158230143.120-when-ice-threats-spark-revolt,2025-03-03T11:19:47.947Z,true,2025-03-03T11:19:48.047Z,2025-03-03T11:19:48.047Z,newsletter,everyone,120: Boston Fights Back,When ICE Threats Spark Revolt,
158117653.119-how-canada-can-win-against-trump,2025-03-01T11:20:47.299Z,true,2025-03-01T11:20:47.463Z,2025-03-01T11:20:47.463Z,newsletter,everyone,119: How Canada Can Win Against Trump,On The Eve of a New Global Disorder,
158072683.118-the-performative-spectacle-of,2025-02-28T11:18:54.671Z,true,2025-02-28T11:18:54.755Z,2025-02-28T11:18:54.755Z,newsletter,everyone,118: The Performative Spectacle of the Epstein Files,The Deep State Embraces Conspiracy Culture,
158003320.117-metapolitics-memes-movements,2025-02-27T11:20:52.774Z,true,2025-02-27T11:20:52.879Z,2025-02-27T11:20:52.879Z,newsletter,everyone,"117: Metapolitics: Memes, Movements, and Power",Culture as the Engine of Power and Change,
157927985.116-watching-watched-and-walking,2025-02-26T11:16:39.937Z,true,2025-02-26T11:16:40.082Z,2025-02-26T11:16:40.082Z,newsletter,everyone,"116: Watching, Watched, and Walking Away","Canada’s Five Eyes Dilemma, SpaceX’s Spy Grid, and the Snowbird Sell-Off",
157850932.115-the-fort-knox-stunt-fabricating,2025-02-25T11:18:52.078Z,true,2025-02-25T11:18:52.177Z,2025-02-25T11:18:52.177Z,newsletter,everyone,115: The Fort Knox Stunt: Fabricating a Crisis to Elevate Bitcoin,Manufacturing a Crisis: How the Regime is Paving the Way for Bitcoin,
157776354.114-trumps-military-purge,2025-02-24T11:17:48.801Z,true,2025-02-24T11:17:49.054Z,2025-02-24T11:17:49.054Z,newsletter,everyone,114: Trump’s Military Purge,Consolidating Command for Domestic Deployment,
157710001.113-lazarus-group-hacking-for-the,2025-02-23T11:24:36.213Z,true,2025-02-23T11:24:36.297Z,2025-02-23T11:24:36.297Z,newsletter,everyone,113: Lazarus Group: Hacking for the Regime,How North Korea’s Elite Hackers Stole $1.5 Billion,
157678919.112-is-this-the-end-of-canada,2025-02-22T14:24:22.585Z,true,2025-02-22T14:24:22.669Z,2025-02-22T14:24:22.669Z,newsletter,everyone,112: Is This The End of Canada?,Do we even see the battlefield for what it is?,
157585740.111-the-politics-of-othering-how,2025-02-21T11:20:57.804Z,true,2025-02-21T11:20:57.878Z,2025-02-21T11:20:57.878Z,newsletter,everyone,111: The Politics of Othering: How the Far Right Justifies Oppression,The Unacceptable Danger of Dehumanization,
157510054.110-the-power-of-pattern-recognition,2025-02-20T11:20:46.571Z,true,2025-02-20T11:20:46.681Z,2025-02-20T11:20:46.681Z,newsletter,everyone,110: The Power of Pattern Recognition: Neurodivergence and AI,A Force Against Fascism,
157428240.109-rojava-and-the-revolutionary,2025-02-19T11:21:01.887Z,true,2025-02-19T11:21:02.205Z,2025-02-19T11:21:02.205Z,newsletter,everyone,109: Rojava and the Revolutionary Experiment in Democracy,The Laboratory of Liberation,
157359356.108-milei-memecoins-and-the-future,2025-02-18T11:22:52.903Z,true,2025-02-18T11:22:53.002Z,2025-02-18T11:22:53.002Z,newsletter,everyone,"108: Milei, Memecoins, and the Future of Political Graft",Argentina's Cryptocurrency Crisis,
157290032.107-the-media-manufactured-normal,2025-02-17T11:20:51.758Z,true,2025-02-17T11:20:51.928Z,2025-02-17T11:20:51.928Z,newsletter,everyone,107: The Media Manufactured Normal,How Corporate Media Enforces Conformity,
157223852.106-the-tyranny-of-normal,2025-02-16T11:19:46.879Z,true,2025-02-16T11:19:46.988Z,2025-02-16T11:19:46.988Z,newsletter,everyone,106: The Tyranny of Normal,How the Illusion of Conformity Sustains Oppression,
157186815.105-are-we-about-to-be-fuct,2025-02-15T11:24:50.297Z,true,2025-02-15T11:24:50.520Z,2025-02-15T11:24:50.520Z,newsletter,everyone,105: Are We About to Be FUCT?,A Libertarian Fever Dream Meets AI-Driven Governance,
157111269.104-why-canada-is-a-threat-to-trumps,2025-02-14T11:19:38.898Z,true,2025-02-14T11:19:39.094Z,2025-02-14T11:19:39.094Z,newsletter,everyone,104: Why Canada is a Threat to Trump’s America,"TESCREAL, Empire, and Resistance",
157026644.103-the-centre-is-collapsing,2025-02-13T11:23:46.117Z,true,2025-02-13T11:23:46.272Z,2025-02-13T11:23:46.272Z,newsletter,everyone,103: The Centre is Collapsing,Possessive Individualism and the Crisis of Liberalism,
156952555.102-maybe-the-revolution-was-televised,2025-02-12T11:19:55.407Z,true,2025-02-12T11:19:55.539Z,2025-02-12T11:19:55.539Z,newsletter,everyone,102: Maybe The Revolution Was Televised?!,Kendrick Lamar’s Magnificent Halftime Manifesto,
156893493.101-the-back-door-state-who-really,2025-02-11T11:24:52.008Z,true,2025-02-11T11:24:52.269Z,2025-02-11T11:24:52.269Z,newsletter,everyone,101: The Back Door State: Who Really Controls Digital Infrastructure?,The Rise of the Hacker Class in Government,
156807704.100-who-rules-the-future,2025-02-10T11:23:42.753Z,true,2025-02-10T11:23:42.887Z,2025-02-10T11:23:42.887Z,newsletter,everyone,100: Who Rules the Future?,A Metaview of Authority in the 21st Century,
156726209.99-broligarchs-and-accelerationists,2025-02-08T10:59:42.990Z,true,2025-02-08T10:59:43.061Z,2025-02-08T10:59:43.061Z,newsletter,everyone,99: Broligarchs and Accelerationists: How the New Right is Dismantling Democracy,Emerging Ideologies At the End of Liberal Democracy,
156640520.98-manufacturing-consent-managing,2025-02-07T11:17:51.799Z,true,2025-02-07T11:17:51.906Z,2025-02-07T11:17:51.906Z,newsletter,everyone,98: Manufacturing Consent & Managing Voters: The New Corporate Politics,The Iron Law in the Age of Oligarchy,
156568275.97-trump-gaza-and-the-rule-of-law,2025-02-06T11:19:37.287Z,true,2025-02-06T11:19:37.529Z,2025-02-06T11:19:37.529Z,newsletter,everyone,"97: Trump, Gaza, and the Rule of Law",The Collapse of the Post-WWII Order?,
156485865.96-will-the-fbi-and-ic-fight-back,2025-02-05T11:20:27.752Z,true,2025-02-05T11:20:27.871Z,2025-02-05T11:20:27.871Z,newsletter,everyone,96: Will the FBI and IC fight back?,Rule of Money vs the Rule of Law,
156426172.95-the-power-of-vulnerability-and,2025-02-04T11:12:53.082Z,true,2025-02-04T11:12:53.241Z,2025-02-04T11:12:53.241Z,newsletter,everyone,95: The Power of Vulnerability and the Fight for Justice,"Trans Rights, Community, and Solidarity",
156332314.94-trump-coup-part-2-crypto-replaces,2025-02-03T11:16:40.848Z,true,2025-02-03T11:16:40.965Z,2025-02-03T11:16:40.965Z,newsletter,everyone,94: Trump Coup Part 2: Crypto Replaces the Dollar,The Broligarchs Love Bitcoin,
156272353.93-tariffs-are-a-painful-decoy-what,2025-02-02T11:12:55.885Z,true,2025-02-02T11:12:55.995Z,2025-02-02T11:12:55.995Z,newsletter,everyone,"93: Tariffs Are a Painful Decoy, What We're Witnessing Is a Coup",Move Fast and Break Things At Scale,
156206865.police-in-schools-and-cute-winter,2025-02-01T11:15:47.175Z,true,2025-02-01T11:15:47.261Z,2025-02-01T11:15:47.261Z,newsletter,everyone,92: Police in Schools & Cute Winter Boots,Key Indicators of Rising Authoritarianism,
156138082.91-kash-patel-and-cointelpro-20,2025-01-31T11:15:47.899Z,true,2025-01-31T11:15:47.985Z,2025-01-31T11:15:47.985Z,newsletter,everyone,91: Kash Patel and COINTELPRO 2.0,The Consequences of a Culture of Distrust,
156051687.90-the-trump-regime-begins-not-populist,2025-01-30T11:24:39.590Z,true,2025-01-30T11:24:39.661Z,2025-01-30T11:24:39.661Z,newsletter,everyone,"90: The Trump Regime Begins: Not Populist, But Fascist",Resistance is Not Futile,
155968207.89-the-declining-authority-of-medical,2025-01-29T11:21:47.179Z,true,2025-01-29T11:21:47.295Z,2025-01-29T11:21:47.295Z,newsletter,everyone,89: The Declining Authority of Medical Science,RFK Jr is A Danger to Democracy,
155878817.farm-labor-prison-labor-and-food,2025-01-28T11:25:51.325Z,true,2025-01-28T11:25:51.568Z,2025-01-28T11:25:51.568Z,newsletter,everyone,"88: Farm Labor, Prison Labor, and Food Insecurity",Let's Not FAFO With Our Food,
155790917.87-the-ai-cold-war-accelerates,2025-01-27T11:20:43.031Z,true,2025-01-27T11:20:43.133Z,2025-01-27T11:20:43.133Z,newsletter,everyone,87: The AI Cold War Accelerates,DeepSeek Disrupts the US Plan for Digital Dominance,
155656710.86-radio-podcasting-and-the-rise,2025-01-25T11:23:04.405Z,true,2025-01-25T11:23:05.644Z,2025-01-25T11:23:05.644Z,newsletter,everyone,"86: Radio, Podcasting, and the Rise of Fascism",Revisiting Marshall McLuhan's Understanding Media from 1964,
155580466.85-the-power-of-pardons-and-the-rise,2025-01-24T11:18:11.758Z,true,2025-01-24T11:18:11.854Z,2025-01-24T11:18:11.854Z,newsletter,everyone,85: The Power of Pardons and the Rise of Parallel Authority,Building Power Beyond the State,
155487398.the-illusion-economy-ais-unfulfilled,2025-01-23T11:16:45.685Z,true,2025-01-23T11:16:45.763Z,2025-01-23T11:16:45.763Z,newsletter,everyone,84: The Illusion Economy: AI's Unfulfilled Promises and the Price We Pay,The AI Debt Spiral: Is It Too Late to Escape the Hype Cycle?,
155385114.83-ai-nationalism,2025-01-22T11:20:38.505Z,true,2025-01-22T11:20:38.599Z,2025-01-22T11:20:38.599Z,newsletter,everyone,83: AI Nationalism,The Trojan Horse Driving The Fascist Resurgence,
155293283.82-why-social-media-needs-socialization,2025-01-21T11:19:05.414Z,true,2025-01-21T11:19:05.490Z,2025-01-21T11:19:05.490Z,newsletter,everyone,82: Why Social Media Needs Socialization,We Gotta Long Way To Go Before We're Done,
155200100.81-the-sucks-to-be-you-society,2025-01-20T10:44:46.303Z,true,2025-01-20T10:44:46.387Z,2025-01-20T10:44:46.387Z,newsletter,everyone,"81: The ""Sucks To Be You"" Society",The $TRUMP era begins,
155122698.a-history-of-the-media-collective,,false,,,newsletter,only_paid,,,
155120750.80-a-rare-moment-of-synthesis,2025-01-19T11:25:36.003Z,true,2025-01-19T11:25:36.094Z,2025-01-19T11:25:36.094Z,newsletter,everyone,80: A Rare Moment of Synthesis,The Dialectic Resets,
154985565.79-you-cant-fight-fascism-from-behind,2025-01-17T11:21:45.304Z,true,2025-01-17T11:21:45.397Z,2025-01-17T11:21:45.397Z,newsletter,everyone,79: You Can't Fight Fascism from Behind a Paywall,AI is Killing History,
154922620.the-ai-hype-machine-starmer-altman,2025-01-16T11:19:47.609Z,true,2025-01-16T11:19:47.714Z,2025-01-16T11:19:47.714Z,newsletter,everyone,"78: Keir Starmer, Sam Altman, and the Militarization of AI",A Gift to the Far Right,
154860119.77-crypto-authoritarianism-cambodias,2025-01-15T11:25:36.587Z,true,2025-01-15T11:25:36.686Z,2025-01-15T11:25:36.686Z,newsletter,everyone,77: Crypto Authoritarianism: Cambodia's Blueprint for Power,And Fun Times on Rednote,
154793051.76-mutual-aid-in-la-and-free-our,2025-01-14T11:11:42.309Z,true,2025-01-14T11:11:42.462Z,2025-01-14T11:11:42.462Z,newsletter,everyone,76: Mutual Aid in LA & Free Our Feeds,Goodbye to My Chinese Spy,
154694326.75-all-bets-are-off,2025-01-13T11:18:45.764Z,true,2025-01-13T11:18:45.899Z,2025-01-13T11:18:45.899Z,newsletter,everyone,75: All Bets Are Off,Everybody Knows the Fight is Fixed,
154648708.74-end-days-for-tiktok-in-north-america,2025-01-12T11:12:28.680Z,true,2025-01-12T11:12:28.794Z,2025-01-12T11:12:28.794Z,newsletter,everyone,74: End Days for TikTok in North America?,Narrative Control as National Security Part 1,
154571315.73-the-metabolic-rift-and-los-angeles,2025-01-11T11:32:44.841Z,true,2025-01-11T11:32:44.958Z,2025-01-11T11:32:44.958Z,newsletter,everyone,73: The Metabolic Rift and Los Angeles in Flames,,
154497797.72-the-rise-of-the-rug-pull-economy,2025-01-10T11:23:46.384Z,true,2025-01-10T11:23:46.535Z,2025-01-10T11:23:46.535Z,newsletter,everyone,72: The Rise of the Rug Pull Economy,,
154361231.70-serbia-rings-in-new-year-with,2025-01-08T11:14:52.598Z,true,2025-01-08T11:14:52.680Z,2025-01-08T11:14:52.680Z,newsletter,everyone,70: Serbia Rings in New Year with Mass Protests,When a collapsing canopy causes a regime to collapse,
154333164.70-disability-as-a-mass-movement,2025-01-09T11:24:41.848Z,true,2025-01-09T11:24:41.935Z,2025-01-09T11:24:41.935Z,newsletter,everyone,71: Disability as a Mass Movement,Why are criminal suspects consistently othered as disabled?,
154232438.69-small-towns-under-siege,2025-01-07T11:24:34.965Z,true,2025-01-07T11:24:35.094Z,2025-01-07T11:24:35.094Z,newsletter,everyone,69: Small Towns Under Siege,The Quiet Storm in Local Communities,
154166816.68-will-gta-vi-reinvent-capitalism,2025-01-06T11:13:39.835Z,true,2025-01-06T11:13:39.922Z,2025-01-06T11:13:39.922Z,newsletter,everyone,68: Will GTA VI Reinvent Capitalism?!,The Game That Could Reshape Pop Culture and Economics,
154149275.67-the-perfect-storm-north-americas,2025-01-05T11:28:30.621Z,true,2025-01-05T11:28:30.723Z,2025-01-05T11:28:30.723Z,newsletter,everyone,67: The Perfect Storm: North America’s Public Health Crisis,Quaddemic Sets the Stage for H5N1,
154108817.think-like-a-hacker-embracing-curiosity,2025-01-04T11:26:36.130Z,true,2025-01-04T11:26:36.216Z,2025-01-04T11:26:36.216Z,newsletter,everyone,66: Think Like A Hacker: Embracing Curiosity and Skepticism,Leading in the Age of AI Requires a Hacker’s Mindset,
153906408.65-radical-demands-in-a-polycrisis,2025-01-03T11:30:47.385Z,true,2025-01-03T11:30:47.477Z,2025-01-03T11:30:47.477Z,newsletter,everyone,65: Radical Demands in a Polycrisis,Power Concedes Nothing Without a Demand.,
153811028.the-fallacy-of-natures-casino,2025-01-02T11:28:41.467Z,true,2025-01-02T11:28:41.561Z,2025-01-02T11:28:41.561Z,newsletter,everyone,64: The Fallacy of Nature’s Casino,Paradox and Peril in the Insurance Industry ,
153809482.amazon-and-ai-in-2025-slow-steady,2025-01-01T11:26:57.856Z,true,2025-01-01T11:26:57.953Z,2025-01-01T11:26:57.953Z,newsletter,everyone,"63: Amazon and AI in 2025: Slow, Steady, and Dominant",The Tortoise Set to Win the Race,
153772783.62-the-authority-of-memetic-nationalism,2024-12-31T11:29:48.905Z,true,2024-12-31T11:29:49.730Z,2024-12-31T11:29:49.730Z,newsletter,everyone,62: The Authority of Memetic Nationalism?,The Last Gasp of a Dying Ideology,
153770482.fear-and-loathing-in-the-skies,2024-12-30T11:23:39.668Z,true,2024-12-30T11:23:39.782Z,2024-12-30T11:23:39.782Z,newsletter,everyone,61: Fear and Loathing in the Skies,"Drones, A Void of Authority and Rising Paranoia",
153619753.60-not-so-fast-trump-canadas-terms,2024-12-26T11:24:42.275Z,true,2024-12-26T11:24:42.394Z,2024-12-26T11:24:42.394Z,newsletter,everyone,60: Not So Fast Trump: Canada’s Terms for Integration,Becoming States 51 Through 65?,
153434044.58-luigi-gets-a-haircut,2024-12-21T11:30:59.108Z,true,2024-12-21T11:30:59.196Z,2024-12-21T11:30:59.196Z,newsletter,everyone,58: Luigi Gets a Haircut,Protests in solidarity and charges meant to deter,
153433719.59-the-death-of-the-future,2024-12-22T11:21:39.058Z,true,2024-12-22T11:21:39.192Z,2024-12-22T11:21:39.192Z,newsletter,everyone,59: The Death of the Future?,Nostalgia and Authority,
153386273.57-triggering-trump-and-mocking-musk,2024-12-20T11:31:12.035Z,true,2024-12-20T11:31:12.124Z,2024-12-20T11:31:12.124Z,newsletter,everyone,57: Triggering Trump and Mocking Musk,What 'President Musk' Reveals About Authority,
153337828.56-the-ai-arms-race,2024-12-19T11:31:46.748Z,true,2024-12-19T11:31:46.843Z,2024-12-19T11:31:46.843Z,newsletter,everyone,56: The AI Arms Race,"Open Source, Semiconductors, and the Geopolitics of the AI Ecosystem",
153314085.selling-authority-the-economy-of,2024-12-18T15:02:40.664Z,true,2024-12-18T15:02:40.737Z,2024-12-18T15:02:40.737Z,newsletter,everyone,55: Selling Authority: The Economy of Belief,How Authority Became a Product,
153181441.54-the-end-of-the-encryption-era,2024-12-17T11:31:06.381Z,true,2024-12-17T11:31:06.472Z,2024-12-17T11:31:06.472Z,newsletter,everyone,54: The End of the Encryption Era,The Quantum Leap That Could Rewrite the Rules of Authority,
153164729.the-climate-crisis-is-a-crisis-of,2024-12-16T11:36:42.719Z,true,2024-12-16T11:36:42.836Z,2024-12-16T11:36:42.836Z,newsletter,everyone,53: Climate Change Is a Crisis of Authority,From Means and Ends to Context and Consequences,
153141460.53-drones-drugs-and-the-death-of,2024-12-15T11:25:42.383Z,true,2024-12-15T11:25:42.475Z,2024-12-15T11:25:42.475Z,newsletter,everyone,"52: Drones, Drugs, and the Death of a Regime",Lessons from Assad’s Syria,
153097830.51-internet-literacy-municipalities,2024-12-14T11:30:43.073Z,true,2024-12-14T11:30:43.179Z,2024-12-14T11:30:43.179Z,newsletter,everyone,"51: Internet Literacy, Municipalities, and the Dark Web",Building Responsible and Resilient Communities,
153047460.the-shadow-over-new-jersey,2024-12-13T11:29:31.236Z,true,2024-12-13T11:29:31.341Z,2024-12-13T11:29:31.341Z,newsletter,everyone,50: The Shadow Over New Jersey,"Drones, Deception, and Authority",
152987212.social-media-is-not-a-spectator-sport,2024-12-12T11:25:41.427Z,true,2024-12-12T11:25:41.528Z,2024-12-12T11:25:41.528Z,newsletter,everyone,Social Media Is Not a Spectator Sport,The Rise and Fall of Hawk Tuah?,
152939149.how-ai-centralizes-power-and-undermines,2024-12-11T11:36:32.935Z,true,2024-12-11T11:36:33.033Z,2024-12-11T11:36:33.033Z,newsletter,everyone,How AI Centralizes Power and Undermines Autonomy,The Mirage of Progress,
152853534.hackers-and-the-state,2024-12-10T11:32:48.091Z,true,2024-12-10T11:32:48.188Z,2024-12-10T11:32:48.188Z,newsletter,everyone,Hackers and the State,The Double-Edged Sword of State Power,
152816228.authority-in-an-age-of-upheaval,2024-12-09T11:34:50.303Z,true,2024-12-09T11:34:50.434Z,2024-12-09T11:34:50.434Z,newsletter,everyone,Authority in an Age of Upheaval,"Revolutions, Nostalgia, and the Fragility of Control",
152776118.a-watershed-moment-in-class-consciousness,2024-12-08T11:31:00.491Z,true,2024-12-08T11:31:00.591Z,2024-12-08T11:31:00.591Z,newsletter,everyone,A Watershed Moment in Class Consciousness?,"An Assassination, TikTok, and the Spectacle of Authority",
152684330.we-should-hire-more-social-workers,2024-12-07T11:19:44.713Z,true,2024-12-07T11:19:44.910Z,2024-12-07T11:19:44.910Z,newsletter,everyone,We Should Hire More Social Workers,Instead of policing let's focus on care,
152639696.will-the-us-invade-mexico-and-canada,2024-12-06T11:34:47.443Z,true,2024-12-06T11:34:47.611Z,2024-12-06T11:34:47.611Z,newsletter,everyone,Will the US Invade Mexico and Canada?,"Digital Erosion, Economic Coercion, and Climate Migration",
152623056.the-fragility-of-authority,2024-12-05T17:07:26.307Z,true,2024-12-05T17:07:26.404Z,2024-12-05T17:07:26.404Z,newsletter,everyone,The Fragility of Authority,Lessons from South Korea's Martial Law Crisis,
152568212.authority-in-a-world-of-artificial,2024-12-04T14:57:44.440Z,true,2024-12-04T14:57:44.549Z,2024-12-04T14:57:44.549Z,newsletter,everyone,Authority in a World of Artificial Realities,Can We Trust What We See?,
152422560.authoritarian-liberalism,2024-12-03T11:26:01.979Z,true,2024-12-03T11:26:02.080Z,2024-12-03T11:26:02.080Z,newsletter,everyone,Authoritarian Liberalism, How The Centre Will Respond To The Far Right,
152421895.chinas-crackdown-on-algorithmic-power,2024-12-02T11:31:23.309Z,true,2024-12-02T11:31:23.411Z,2024-12-02T11:31:23.411Z,newsletter,everyone,China's Crackdown on Algorithmic Power,Algorithms vs. The State,
152365826.summoning-the-machine-god,2024-12-01T11:35:34.618Z,true,2024-12-01T11:35:34.721Z,2024-12-01T11:35:34.721Z,newsletter,everyone,Summoning the Machine God?,"A Conversation with David F. Noble on AI, Accelerationism, and the Religion of Technology",
152340768.is-taiwan-today-like-berlin-in-1961,2024-11-30T11:17:45.622Z,true,2024-11-30T11:17:45.711Z,2024-11-30T11:17:45.711Z,newsletter,everyone,Is Taiwan today like Berlin in 1961?,Comparing Cold Wars,
152294294.the-energy-crisis-and-the-ai-arms,2024-11-29T11:30:21.313Z,true,2024-11-29T11:30:21.444Z,2024-11-29T11:30:21.444Z,newsletter,everyone,The Energy Crisis and The AI Arms Race,Brownouts and Rotating Blackouts are Coming to North America,
152261755.from-outsider-to-contender,2024-11-28T11:39:07.711Z,true,2024-11-28T11:39:07.797Z,2024-11-28T11:39:07.797Z,newsletter,everyone,From Outsider to Contender,Calin Georgescu and the Shifting Politics of Power,
152191977.data-isnt-the-new-oilits-just-noise,2024-11-27T11:31:04.244Z,true,2024-11-27T11:31:04.314Z,2024-11-27T11:31:04.314Z,newsletter,everyone,Data Isn't the New Oil—It's Just Noise,Attention Is The Real Scarce Resource,
152171511.ideology-as-the-enemy-of-intelligence,2024-11-26T11:25:42.475Z,true,2024-11-26T11:25:42.527Z,2024-11-26T11:25:42.527Z,newsletter,everyone,Ideology as the Enemy of Intelligence,And The Illusion of the Political Centre,
152116864.crypto-comes-to-washington,2024-11-25T11:20:41.863Z,true,2024-11-25T11:20:41.963Z,2024-11-25T11:20:41.963Z,newsletter,everyone,Crypto Comes to Washington,The Paradox of Power: U.S. Government's Embrace of Cryptocurrency,
152078830.that-he-not-busy-being-born-is-busy,2024-11-24T11:35:45.326Z,true,2024-11-24T11:35:45.392Z,2024-11-24T11:35:45.392Z,newsletter,everyone,That He Not Busy Being Born Is Busy Dying,Reflections on Authority with Bob Dylan,
152043642.amusing-ourselves-to-death-an-interview,2024-11-23T11:28:40.584Z,true,2024-11-23T11:28:40.649Z,2024-11-23T11:28:40.649Z,newsletter,everyone,Amusing Ourselves to Death: An Interview with Neil Postman,Media as Machinery of Mass Stupidity,
151998299.the-tyranny-of-television,2024-11-22T11:24:53.220Z,true,2024-11-22T11:24:53.315Z,2024-11-22T11:24:53.315Z,newsletter,everyone,The Tyranny of Television,Television’s War on an Informed Citizenry,
151901435.the-myth-of-corporate-meritocracy,2024-11-21T11:33:48.365Z,true,2024-11-21T11:33:48.462Z,2024-11-21T11:33:48.462Z,newsletter,everyone,The Myth of Corporate Meritocracy,Do MMORPGs offer the solution?,
151896074.private-equity-and-public-peril,2024-11-20T11:22:52.213Z,true,2024-11-20T11:22:52.300Z,2024-11-20T11:22:52.300Z,newsletter,everyone,Private Equity and Public Peril,The Silent Engine of American Fascism,
151847952.the-dawn-of-the-polycrisis-era,2024-11-19T11:24:59.505Z,true,2024-11-19T11:24:59.571Z,2024-11-19T11:24:59.571Z,newsletter,everyone,The Dawn of the Polycrisis Era,Rethinking Leadership for an Era of Complexity,
151788701.the-invisible-hand-of-algorithmic,2024-11-18T11:15:56.532Z,true,2024-11-18T11:15:56.632Z,2024-11-18T11:15:56.632Z,newsletter,everyone,The Invisible Hand of Algorithmic Authority,How X Influenced the Election,
151759981.crisis-of-authority-in-mozambique,2024-11-17T11:33:51.019Z,true,2024-11-17T11:33:51.131Z,2024-11-17T11:33:51.131Z,newsletter,everyone,Crisis of Authority in Mozambique,Weeks of protests follow contentious election,
151656287.the-automation-of-intelligence-and,2024-11-15T11:23:02.288Z,true,2024-11-15T11:23:02.377Z,2024-11-15T11:23:02.377Z,newsletter,everyone,The Automation of Intelligence and the Erosion of Accountability,"The Pending Role of Gabbard, Thiel, and Musk in the Intelligence Community",
151623426.the-death-of-expertise-in-the-age,2024-11-16T11:20:02.164Z,true,2024-11-16T11:20:02.258Z,2024-11-16T11:20:02.258Z,newsletter,everyone,The Death of Expertise in the Age of Information Abundance,Epistemic Authority in Decentralized Systems,
151618610.government-of-the-inept,2024-11-14T11:25:05.224Z,true,2024-11-14T11:25:05.306Z,2024-11-14T11:25:05.306Z,newsletter,everyone,Government of the Inept?,Examining Trump’s Cabinet Picks,
151577223.the-cryptocurrency-propaganda-system,2024-11-13T11:20:56.454Z,true,2024-11-13T11:20:56.521Z,2024-11-13T11:20:56.521Z,newsletter,everyone,The Cryptocurrency Propaganda System,When Technical Systems Replace Social Bonds,
151459237.the-authority-of-the-internet,2024-11-12T11:22:51.883Z,true,2024-11-12T11:22:51.998Z,2024-11-12T11:22:51.998Z,newsletter,everyone,The Authority of the Internet,New Powers in a Networked Age,
151457510.an-interview-with-mcluhan-re-trump,2024-11-11T11:17:58.054Z,true,2024-11-11T11:17:58.177Z,2024-11-11T11:17:58.177Z,newsletter,everyone,An Interview with McLuhan re: Trump,Do we really need to understand media or is it too late?,
151399659.the-emperor-has-no-clothes,2024-11-10T11:54:33.066Z,true,2024-11-10T11:54:33.286Z,2024-11-10T11:54:33.286Z,newsletter,everyone,The Emperor Has No Clothes,Why Authoritarianism Is Just Really Bad at Its Job,
151398989.trump-and-the-axis-of-upheaval,2024-11-09T11:23:02.772Z,true,2024-11-09T11:23:02.983Z,2024-11-09T11:23:02.983Z,newsletter,everyone,Trump and The Axis of Upheaval ,Applying the CIA Framework for Authority,
151188381.the-new-geography-of-power,2024-11-08T11:57:55.280Z,true,2024-11-08T11:57:55.359Z,2024-11-08T11:57:55.359Z,newsletter,everyone,The New Geography of Power,The Ongoing Rise of Shadow Authority,
151177828.building-trust-or-enforcing-control,2024-11-07T11:56:33.957Z,true,2024-11-07T11:56:34.093Z,2024-11-07T11:56:34.093Z,newsletter,everyone,Building Trust or Enforcing Control?, The Future of Authority in the Digital Sphere,
151176975.authority-is-a-virus,2024-11-06T11:28:48.414Z,true,2024-11-06T11:28:48.502Z,2024-11-06T11:28:48.502Z,newsletter,everyone,Authority is a Virus,Is Algo Speak the anti-virus?,
151153110.the-new-aristocracy-of-attention,2024-11-05T11:27:53.981Z,true,2024-11-05T11:27:54.057Z,2024-11-05T11:27:54.057Z,newsletter,everyone,The New Aristocracy of Attention,Cultural Authority and Modern Mythologies,
151072371.unpacking-georgias-2024-parliamentary,2024-11-04T11:59:58.686Z,true,2024-11-04T11:59:58.950Z,2024-11-04T11:59:58.950Z,newsletter,everyone,Unpacking Georgia’s 2024 Parliamentary Elections,"Democracy, Wealth, and the Shadow of Manipulation",
151071750.the-canadian-government-under-digital,2024-11-03T11:53:45.546Z,true,2024-11-03T11:53:45.707Z,2024-11-03T11:53:45.707Z,newsletter,everyone,The Canadian Government Under Digital Siege,China’s Persistent Cyber Intrusions,
150948072.the-oxymoron-of-foreign-interference,2024-11-02T10:23:32.617Z,true,2024-11-02T10:23:32.667Z,2024-11-02T10:23:32.667Z,newsletter,everyone,"The Oxymoron of ""Foreign Interference""",Reimagining Authority in an Era of Shared Challenges,
150947391.memetic-warfare,2024-10-31T10:13:42.044Z,true,2024-10-31T10:13:42.137Z,2024-10-31T10:13:42.137Z,newsletter,everyone,Memetic Warfare,"Internet Memes as Tools of Influence, Authority, and Modern Mythology",
150938471.who-really-holds-the-power-in-powerful,2024-11-01T10:06:48.460Z,true,2024-11-01T10:06:48.528Z,2024-11-01T10:06:48.528Z,newsletter,everyone,Who Really Holds the Power in “Powerful AI”?,AGI vs Powerful AI,
150914479.the-looming-legitimacy-crisis,2024-10-30T10:22:04.366Z,true,2024-10-30T10:22:04.555Z,2024-10-30T10:22:04.555Z,newsletter,everyone,The Looming Legitimacy Crisis,When institutions become weapons rather than arbiters,
150858840.the-ai-arms-race,2024-10-29T10:53:01.169Z,true,2024-10-29T10:53:01.274Z,2024-10-29T10:53:01.274Z,newsletter,everyone,The AI Arms Race,White House issues National Security Memorandum on Artificial Intelligence,
150816906.the-illusion-of-inevitability,2024-10-28T11:18:50.715Z,true,2024-10-28T11:18:50.884Z,2024-10-28T11:18:50.884Z,newsletter,everyone,The Illusion of Inevitability ,How Technological Determinism Threatens Democracy,
150804019.will-a-podcast-elect-the-president,2024-10-27T16:05:27.667Z,true,2024-10-27T16:05:27.757Z,2024-10-27T16:05:27.757Z,newsletter,everyone,Will a Podcast Elect the President?,Cognitive Authority meets Algorithmic Authority,
150759445.decoding-power-the-cia-framework,2024-10-26T15:11:00.038Z,true,2024-10-26T15:11:01.584Z,2024-10-26T15:11:01.584Z,newsletter,everyone,Decoding Power: The CIA Framework for Authority,"Understanding Cognitive, Institutional, and Algorithmic Authority",
150708049.contemplating-the-future-of-authority,2024-10-25T12:49:19.499Z,true,2024-10-25T12:49:19.626Z,2024-10-25T12:49:19.626Z,newsletter,everyone,Contemplating the Future of Authority ,Where power meets agency,
