post_id,timestamp,email,post_type,post_audience,active_subscription,country,city,region,device_type,client_os,client_type,user_agent
154149275,2025-01-05T11:38:48.154Z,myra@kressnerstrategygroup.com,newsletter,everyone,false,US,,,,,,Mozilla/5.0
154149275,2025-01-05T11:57:26.153Z,emily@openflows.net,newsletter,everyone,false,US,,,,,,Mozilla/5.0 (Windows NT 5.1; rv:11.0) Gecko Firefox/11.0 (via ggpht.com GoogleImageProxy)
154149275,2025-01-05T12:03:25.626Z,emily@openflows.net,newsletter,everyone,false,US,,,,,,Mozilla/5.0 (Windows NT 5.1; rv:11.0) Gecko Firefox/11.0 (via ggpht.com GoogleImageProxy)
154149275,2025-01-05T12:04:17.862Z,metaviews@gmail.com,newsletter,everyone,true,US,,,,,,Mozilla/5.0 (Windows NT 5.1; rv:11.0) Gecko Firefox/11.0 (via ggpht.com GoogleImageProxy)
154149275,2025-01-05T12:04:37.405Z,jesse@openflows.net,newsletter,everyone,false,US,,,,,,Mozilla/5.0 (Windows NT 5.1; rv:11.0) Gecko Firefox/11.0 (via ggpht.com GoogleImageProxy)
154149275,2025-01-05T12:05:13.539Z,jesse@openflows.net,newsletter,everyone,false,US,,,,,,Mozilla/5.0 (Windows NT 5.1; rv:11.0) Gecko Firefox/11.0 (via ggpht.com GoogleImageProxy)
154149275,2025-01-05T12:06:49.725Z,jbhirsh@gmail.com,newsletter,everyone,true,CA,,,,,,Mozilla/5.0
154149275,2025-01-05T12:08:37.656Z,howejane495@gmail.com,newsletter,everyone,true,CA,,,,,,Mozilla/5.0
154149275,2025-01-05T12:17:35.525Z,sherida@openflows.net,newsletter,everyone,true,US,,,,,,Mozilla/5.0 (Windows NT 5.1; rv:11.0) Gecko Firefox/11.0 (via ggpht.com GoogleImageProxy)
154149275,2025-01-05T12:23:29.813Z,sherida@openflows.net,newsletter,everyone,true,US,,,,,,Mozilla/5.0 (Windows NT 5.1; rv:11.0) Gecko Firefox/11.0 (via ggpht.com GoogleImageProxy)
154149275,2025-01-05T12:23:35.947Z,sherida@openflows.net,newsletter,everyone,true,US,,,,,,Mozilla/5.0 (Windows NT 5.1; rv:11.0) Gecko Firefox/11.0 (via ggpht.com GoogleImageProxy)
154149275,2025-01-05T12:28:08.964Z,sherida@openflows.net,newsletter,everyone,true,US,,,,,,Mozilla/5.0 (Windows NT 5.1; rv:11.0) Gecko Firefox/11.0 (via ggpht.com GoogleImageProxy)
154149275,2025-01-05T12:55:34.126Z,howejane495@gmail.com,newsletter,everyone,true,US,,,,,,Mozilla/5.0 (Windows NT 5.1; rv:11.0) Gecko Firefox/11.0 (via ggpht.com GoogleImageProxy)
154149275,2025-01-05T12:55:35.757Z,howejane495@gmail.com,newsletter,everyone,true,US,,,,,,Mozilla/5.0 (Windows NT 5.1; rv:11.0) Gecko Firefox/11.0 (via ggpht.com GoogleImageProxy)
154149275,2025-01-05T13:12:03.266Z,jdlefebvre@gmail.com,newsletter,everyone,false,CA,,,,,,Mozilla/5.0
154149275,2025-01-05T13:41:45.626Z,katsnewsletter@gmail.com,newsletter,everyone,true,US,,,,,,Mozilla/5.0
154149275,2025-01-05T13:53:01.740Z,rachelaideis@hotmail.com,newsletter,everyone,true,CA,,,,,,Mozilla/5.0
154149275,2025-01-05T14:01:26.313Z,jdlefebvre@gmail.com,newsletter,everyone,false,CA,,,,,,Mozilla/5.0
154149275,2025-01-05T14:03:42.407Z,liliezendel@gmail.com,newsletter,everyone,true,CA,,,,,,Mozilla/5.0
154149275,2025-01-05T14:34:47.326Z,marcolists@gmail.com,newsletter,everyone,true,US,,,,,,Mozilla/5.0 (Windows NT 5.1; rv:11.0) Gecko Firefox/11.0 (via ggpht.com GoogleImageProxy)
154149275,2025-01-05T14:35:15.916Z,marcolists@gmail.com,newsletter,everyone,true,US,,,,,,Mozilla/5.0 (Windows NT 5.1; rv:11.0) Gecko Firefox/11.0 (via ggpht.com GoogleImageProxy)
154149275,2025-01-05T15:10:54.765Z,david@openflows.net,newsletter,everyone,true,US,,,,,,Mozilla/5.0 (Windows NT 5.1; rv:11.0) Gecko Firefox/11.0 (via ggpht.com GoogleImageProxy)
154149275,2025-01-05T15:25:51.039Z,bgrantpaul@gmail.com,newsletter,everyone,true,CA,,,,,,Mozilla/5.0
154149275,2025-01-05T15:42:18.979Z,cathybennett214@gmail.com,newsletter,everyone,true,US,,,,,,Mozilla/5.0 (Windows NT 5.1; rv:11.0) Gecko Firefox/11.0 (via ggpht.com GoogleImageProxy)
154149275,2025-01-05T16:08:11.723Z,ilyakreynin1@gmail.com,newsletter,everyone,true,US,,,,,,Mozilla/5.0 (Windows NT 5.1; rv:11.0) Gecko Firefox/11.0 (via ggpht.com GoogleImageProxy)
154149275,2025-01-05T16:23:10.259Z,jeffrey.herrle@gmail.com,newsletter,everyone,false,US,,,,,,Mozilla/5.0 (Windows NT 5.1; rv:11.0) Gecko Firefox/11.0 (via ggpht.com GoogleImageProxy)
154149275,2025-01-05T16:34:30.363Z,gherrle1@gmail.com,newsletter,everyone,false,US,,,,,,Mozilla/5.0 (Windows NT 5.1; rv:11.0) Gecko Firefox/11.0 (via ggpht.com GoogleImageProxy)
154149275,2025-01-05T16:35:29.545Z,gherrle1@gmail.com,newsletter,everyone,false,US,,,,,,Mozilla/5.0 (Windows NT 5.1; rv:11.0) Gecko Firefox/11.0 (via ggpht.com GoogleImageProxy)
154149275,2025-01-05T17:01:55.572Z,relax@hirsh.ca,newsletter,everyone,true,CA,,,,,,Mozilla/5.0 (Windows NT 10.0; Win64; x64; rv:128.0) Gecko/20100101 Thunderbird/128.5.2
154149275,2025-01-05T17:02:00.133Z,vasiliki.bednar@gmail.com,newsletter,everyone,true,CA,,,,,,Mozilla/5.0
154149275,2025-01-05T17:11:58.674Z,rbc@returnoninsight.ca,newsletter,everyone,false,US,,,,,,Mozilla/5.0 (Windows NT 5.1; rv:11.0) Gecko Firefox/11.0 (via ggpht.com GoogleImageProxy)
154149275,2025-01-05T17:38:11.073Z,kenmcc.ca@gmail.com,newsletter,everyone,true,US,,,,,,Mozilla/5.0 (Windows NT 5.1; rv:11.0) Gecko Firefox/11.0 (via ggpht.com GoogleImageProxy)
154149275,2025-01-05T17:39:07.079Z,kenmcc.ca@gmail.com,newsletter,everyone,true,US,,,,,,Mozilla/5.0 (Windows NT 5.1; rv:11.0) Gecko Firefox/11.0 (via ggpht.com GoogleImageProxy)
154149275,2025-01-05T17:40:03.957Z,dan@zackslaw.ca,newsletter,everyone,false,CA,,,,,,Mozilla/5.0
154149275,2025-01-05T17:40:24.022Z,katsnewsletter@gmail.com,newsletter,everyone,true,US,,,,,,Mozilla/5.0 (Windows NT 5.1; rv:11.0) Gecko Firefox/11.0 (via ggpht.com GoogleImageProxy)
154149275,2025-01-05T17:46:34.920Z,relax@hirsh.ca,newsletter,everyone,true,CA,,,,,,Mozilla/5.0 (Windows NT 10.0; Win64; x64; rv:128.0) Gecko/20100101 Thunderbird/128.5.2
154149275,2025-01-05T17:51:17.139Z,relax@hirsh.ca,newsletter,everyone,true,CA,,,,,,Mozilla/5.0 (Windows NT 10.0; Win64; x64; rv:128.0) Gecko/20100101 Thunderbird/128.5.2
154149275,2025-01-05T19:07:12.950Z,allangregg@allangregg.com,newsletter,everyone,true,US,,,,,,Mozilla/5.0 (Windows NT 5.1; rv:11.0) Gecko Firefox/11.0 (via ggpht.com GoogleImageProxy)
154149275,2025-01-05T20:25:43.175Z,relax@hirsh.ca,newsletter,everyone,true,CA,,,,,,Mozilla/5.0 (Windows NT 10.0; Win64; x64; rv:128.0) Gecko/20100101 Thunderbird/128.5.2
154149275,2025-01-05T20:37:18.231Z,relax@hirsh.ca,newsletter,everyone,true,CA,,,,,,Mozilla/5.0 (Windows NT 10.0; Win64; x64; rv:128.0) Gecko/20100101 Thunderbird/128.5.2
154149275,2025-01-05T20:56:43.039Z,bgrantpaul@gmail.com,newsletter,everyone,true,CA,,,,,,Mozilla/5.0
154149275,2025-01-05T23:39:21.244Z,gherrle1@gmail.com,newsletter,everyone,false,US,,,,,,Mozilla/5.0 (Windows NT 5.1; rv:11.0) Gecko Firefox/11.0 (via ggpht.com GoogleImageProxy)
154149275,2025-01-05T23:39:32.039Z,gherrle1@gmail.com,newsletter,everyone,false,US,,,,,,Mozilla/5.0 (Windows NT 5.1; rv:11.0) Gecko Firefox/11.0 (via ggpht.com GoogleImageProxy)
154149275,2025-01-05T23:42:44.548Z,emily@openflows.net,newsletter,everyone,false,US,,,,,,Mozilla/5.0 (Windows NT 5.1; rv:11.0) Gecko Firefox/11.0 (via ggpht.com GoogleImageProxy)
154149275,2025-01-05T23:49:00.543Z,gherrle1@gmail.com,newsletter,everyone,false,US,,,,,,Mozilla/5.0 (Windows NT 5.1; rv:11.0) Gecko Firefox/11.0 (via ggpht.com GoogleImageProxy)
154149275,2025-01-05T23:49:08.724Z,gherrle1@gmail.com,newsletter,everyone,false,US,,,,,,Mozilla/5.0 (Windows NT 5.1; rv:11.0) Gecko Firefox/11.0 (via ggpht.com GoogleImageProxy)
154149275,2025-01-06T00:18:47.563Z,gherrle1@gmail.com,newsletter,everyone,false,US,,,,,,Mozilla/5.0 (Windows NT 5.1; rv:11.0) Gecko Firefox/11.0 (via ggpht.com GoogleImageProxy)
154149275,2025-01-06T00:21:30.437Z,gherrle1@gmail.com,newsletter,everyone,false,US,,,,,,Mozilla/5.0 (Windows NT 5.1; rv:11.0) Gecko Firefox/11.0 (via ggpht.com GoogleImageProxy)
154149275,2025-01-06T00:23:19.181Z,gherrle1@gmail.com,newsletter,everyone,false,US,,,,,,Mozilla/5.0 (Windows NT 5.1; rv:11.0) Gecko Firefox/11.0 (via ggpht.com GoogleImageProxy)
154149275,2025-01-06T00:24:06.500Z,gherrle1@gmail.com,newsletter,everyone,false,US,,,,,,Mozilla/5.0 (Windows NT 5.1; rv:11.0) Gecko Firefox/11.0 (via ggpht.com GoogleImageProxy)
154149275,2025-01-06T00:24:31.118Z,gherrle1@gmail.com,newsletter,everyone,false,US,,,,,,Mozilla/5.0 (Windows NT 5.1; rv:11.0) Gecko Firefox/11.0 (via ggpht.com GoogleImageProxy)
154149275,2025-01-06T01:43:54.675Z,gherrle1@gmail.com,newsletter,everyone,false,US,,,,,,Mozilla/5.0 (Windows NT 5.1; rv:11.0) Gecko Firefox/11.0 (via ggpht.com GoogleImageProxy)
154149275,2025-01-06T01:44:50.399Z,gherrle1@gmail.com,newsletter,everyone,false,US,,,,,,Mozilla/5.0 (Windows NT 5.1; rv:11.0) Gecko Firefox/11.0 (via ggpht.com GoogleImageProxy)
154149275,2025-01-06T01:45:08.268Z,gherrle1@gmail.com,newsletter,everyone,false,US,,,,,,Mozilla/5.0 (Windows NT 5.1; rv:11.0) Gecko Firefox/11.0 (via ggpht.com GoogleImageProxy)
154149275,2025-01-06T01:45:38.830Z,gherrle1@gmail.com,newsletter,everyone,false,US,,,,,,Mozilla/5.0 (Windows NT 5.1; rv:11.0) Gecko Firefox/11.0 (via ggpht.com GoogleImageProxy)
154149275,2025-01-06T03:11:16.014Z,rebredux@gmail.com,newsletter,everyone,true,CA,,,,,,Mozilla/5.0
154149275,2025-01-06T12:56:55.737Z,gherrle1@gmail.com,newsletter,everyone,false,US,,,,,,Mozilla/5.0 (Windows NT 5.1; rv:11.0) Gecko Firefox/11.0 (via ggpht.com GoogleImageProxy)
154149275,2025-01-06T14:59:42.581Z,dan@zackslaw.ca,newsletter,everyone,false,CA,,,,,,Mozilla/4.0 (compatible; ms-office; MSOffice 16)
154149275,2025-01-06T14:59:42.588Z,dan@zackslaw.ca,newsletter,everyone,false,CA,,,,,,Mozilla/4.0 (compatible; ms-office; MSOffice 16)
154149275,2025-01-06T16:59:08.062Z,sherida@openflows.net,newsletter,everyone,true,CA,,,,,,Mozilla/5.0
154149275,2025-01-07T03:15:55.050Z,rbc@returnoninsight.ca,newsletter,everyone,false,US,,,,,,Mozilla/5.0 (Windows NT 5.1; rv:11.0) Gecko Firefox/11.0 (via ggpht.com GoogleImageProxy)
154149275,2025-01-07T13:03:32.841Z,jeffrey.herrle@gmail.com,newsletter,everyone,false,US,,,,,,Mozilla/5.0 (Windows NT 5.1; rv:11.0) Gecko Firefox/11.0 (via ggpht.com GoogleImageProxy)
154149275,2025-01-07T15:40:22.922Z,cathybennett214@gmail.com,newsletter,everyone,true,US,,,,,,Mozilla/5.0 (Windows NT 5.1; rv:11.0) Gecko Firefox/11.0 (via ggpht.com GoogleImageProxy)
154149275,2025-01-12T10:18:05.229Z,katsnewsletter@gmail.com,newsletter,everyone,true,US,,,,,,Mozilla/5.0
154149275,2025-01-15T23:35:33.579Z,ronit@thegrain.ai,newsletter,everyone,true,US,,,,,,Mozilla/5.0
154149275,2025-02-04T01:55:01.578Z,katsnewsletter@gmail.com,newsletter,everyone,true,US,,,,,,Mozilla/5.0
